{
	"parameters" : 
	{
		"vehicle_body" :
		{
			"mass" : 1181.0,
			"a" : 1.515,
			"b" : 1.504,
			"d" : 0.0,
			"h" : 0.134,
			"Ixx" : 4.323333333333333e2,
			"Ixy" : 0.0,
			"Ixz" : 0.0,
			"Iyx" : 0.0,
			"Iyy" : 1.922666666666667e3,
			"Iyz" : 0.0,
			"Izx" : 0.0,
			"Izy" : 0.0,
			"Izz" : 2066.0,
			"w_f" : 1.9220,
			"w_r" : 1.9220,
			"z1m" : 0.0,
			"z1R_x" : 0.25,
			"z1R_y" : 0.125,
			"z1R_z" : 0.15,
			"z1I_xx" : 0.0,
			"z1I_xy" : 0.0,
			"z1I_xz" : 0.0,
			"z1I_yx" : 0.0,
			"z1I_yy" : 0.0,
			"z1I_yz" : 0.0,
			"z1I_zx" : 0.0,
			"z1I_zy" : 0.0,
			"z1I_zz" : 0.0,
			"z2m" : 0.0,
			"z2R_x" : 1.4,
			"z2R_y" : 0.0,
			"z2R_z" : 0.8,
			"z2I_xx" : 0.0,
			"z2I_xy" : 0.0,
			"z2I_xz" : 0.0,
			"z2I_yx" : 0.0,
			"z2I_yy" : 0.0,
			"z2I_yz" : 0.0,
			"z2I_zx" : 0.0,
			"z2I_zy" : 0.0,
			"z2I_zz" : 0.0,
			"z3m" : 0.0,
			"z3R_x" : 0.75,
			"z3R_y" : -0.5,
			"z3R_z" : 0.4,
			"z3I_xx" : 0.0,
			"z3I_xy" : 0.0,
			"z3I_xz" : 0.0,
			"z3I_yx" : 0.0,
			"z3I_yy" : 0.0,
			"z3I_yz" : 0.0,
			"z3I_zx" : 0.0,
			"z3I_zy" : 0.0,
			"z3I_zz" : 0.0,
			"z4m" : 0.0,
			"z4R_x" : 0.75,
			"z4R_y" : 0.5,
			"z4R_z" : 0.4,
			"z4I_xx" : 0.0,
			"z4I_xy" : 0.0,
			"z4I_xz" : 0.0,
			"z4I_yx" : 0.0,
			"z4I_yy" : 0.0,
			"z4I_yz" : 0.0,
			"z4I_zx" : 0.0,
			"z4I_zy" : 0.0,
			"z4I_zz" : 0.0,
			"z5m" : 0.0,
			"z5R_x" : 1.25,
			"z5R_y" : -0.5,
			"z5R_z" : 0.4,
			"z5I_xx" : 0.0,
			"z5I_xy" : 0.0,
			"z5I_xz" : 0.0,
			"z5I_yx" : 0.0,
			"z5I_yy" : 0.0,
			"z5I_yz" : 0.0,
			"z5I_zx" : 0.0,
			"z5I_zy" : 0.0,
			"z5I_zz" : 0.0,
			"z6m" : 0.0,
			"z6R_x" : 1.25,
			"z6R_y" : 0.5,
			"z6R_z" : 0.4,
			"z6I_xx" : 0.0,
			"z6I_xy" : 0.0,
			"z6I_xz" : 0.0,
			"z6I_yx" : 0.0,
			"z6I_yy" : 0.0,
			"z6I_yz" : 0.0,
			"z6I_zx" : 0.0,
			"z6I_zy" : 0.0,
			"z6I_zz" : 0.0,
			"z7m" : 0.0,
			"z7R_x" : 2.0,
			"z7R_y" : 0.0,
			"z7R_z" : 0.25,
			"z7I_xx" : 0.0,
			"z7I_xy" : 0.0,
			"z7I_xz" : 0.0,
			"z7I_yx" : 0.0,
			"z7I_yy" : 0.0,
			"z7I_yz" : 0.0,
			"z7I_zx" : 0.0,
			"z7I_zy" : 0.0,
			"z7I_zz" : 0.0,
			"Pabs" : 0,
			"Cg" : 287.058,
			"Af" : 2.110,
			"Cd" : 0.3,
			"Cl" : 0.1,
			"Cpm" : 0.1,
			"beta_w" : [0.0,0.01,0.02,0.03,0.04,0.05,0.06,0.07,0.08,0.09,0.10,0.11,0.12,0.13,0.14,0.15,0.16,0.17,0.18,0.19,0.20,0.21,0.22,0.23,0.24,0.25,0.26,0.27,0.28,0.29,0.30],
			"Cs" : [0.0,0.03,0.06,0.09,0.12,0.15,0.18,0.21,0.24,0.27,0.30,0.33,0.36,0.39,0.42,0.45,0.48,0.51,0.54,0.57,0.60,0.63,0.66,0.69,0.72,0.75,0.78,0.81,0.84,0.87,0.90],
			"Cym" : [0.0,0.01,0.02,0.03,0.04,0.05,0.06,0.07,0.08,0.09,0.10,0.11,0.12,0.13,0.14,0.15,0.16,0.17,0.18,0.19,0.20,0.21,0.22,0.23,0.24,0.25,0.26,0.27,0.28,0.29,0.30],
			"xdot_tol" : 0.1,
			"longOff" : 0.0,
			"latOff" : 0.0,
			"vertOff" : 0.0112,
			"init_xe_x" : 0.0,
			"init_xe_y" : 0.0,
			"init_xe_z" : 0.0,
			"init_vb_x" : 0.0,
			"init_vb_y" : 0.0,
			"init_vb_z" : 0.0,
			"init_phai" : 0.0,
			"init_theta" : 0.0,
			"init_psi" : 0.0,
			"init_p" : 0.0,
			"init_q" : 0.0,
			"init_r" : 0.0
		},
		"wheels" :
		{
			"front_two_wheels" :
			{
				"unloaded_radius_f" : 0.309384029954441,
				"IYY_f" : 0.740633832792491,
				"mass_f" : 5.0,
				"br_f" : 1e-3,
				"disk_abore_f" : 0.05,
				"num_pads_f" : 2.0,
				"Rm_f" : 0.177,
				"mu_kinetic_f" : 0.2,
				"mu_static_f" : 0.3,
				"init_omega_f" : 0.0,
				"init_Pz_f" : 0.0,
				"init_vz_f" : 0.0,
				"init_locked_flag_f" : false,
				"init_locked_state_f" : false
			},
			"rear_two_wheels" :
			{
				"unloaded_radius_r" : 0.309384029954441,
				"IYY_r" : 0.740633832792491,
				"mass_r" : 5.0,
				"br_r" : 1e-3,
				"disk_abore_r" : 0.05,
				"num_pads_r" : 2.0,
				"Rm_r" : 0.177,
				"mu_kinetic_r" : 0.2,
				"mu_static_r" : 0.3,
				"init_omega_r" : 0.0,
				"init_Pz_r" : 0.0,
				"init_vz_r" : 0.0,
				"init_locked_flag_r" : false,
				"init_locked_state_r" : false
			}
		},
		"suspensions" :
		{
			"front_suspension":
			{
				"F0z_f" : 2886.0,
				"Kz_f" : 52451.006579283188,
				"Cz_f" : 5565.224638019838,
				"Hmax_f" : 0.25,
				"roll_strg_H_slp_f" : -0.2269,
				"toe_f" : 0.0349,
				"toe_strg_slp_f" : 0.01,
				"caster_f" : 0.0698,
				"caster_H_slp_f" : -0.2269,
				"caster_strg_slp_f" : 0.01,
				"camber_f" : 0.0698,
				"camber_H_slp_f" : -0.2269,
				"camber_strg_slp_f" : 0.01,
				"strg_hgt_slp_f" : 0.1432,
				"as_R_f" : 0.2,
				"as_ntrl_ang_f" : 0.5236,
				"as_trsK_f" : 8e2,
				"has_anti_sway_f" : true,
				"is_strg_f" : true
			},
			"rear_suspension":
			{
				"F0z_r" : 2907.0,
				"Kz_r" : 52451.006579283188,
				"Cz_r" : 5565.224638019838,
				"Hmax_r" : 0.25,
				"roll_strg_H_slp_r" : -0.2269,
				"toe_r" : 0.0349,
				"toe_strg_slp_r" : 0.01,
				"caster_r" : 0.0698,
				"caster_H_slp_r" : -0.2269,
				"caster_strg_slp_r" : 0.01,
				"camber_r" : 0.0698,
				"camber_H_slp_r" : -0.2269,
				"camber_strg_slp_r" : 0.01,
				"strg_hgt_slp_r" : 0.1432,
				"as_R_r" : 0.2,
				"as_ntrl_ang_r" : 0.5236,
				"as_trsK_r" : 8e2,
				"has_anti_sway_r" : false,
				"is_strg_r" : false
			}
		},
		"tires" :
		{
			"front_two_tires" :
			{
				"Lrelx_f" : 0.05,
				"Lrely_f" : 0.15,
				"alpha_min_f" : -1.50806269049027,
				"alpha_max_f" : 1.47424202250808,
				"mu_min_f" : 0.5,
				"mu_max_f" : 0.8,
				"aMy_f" : 8e-4,
				"bMy_f" : 1e-3,
				"cMy_f" : 1.6e-4,
				"alphaMy_f" : -3e-3,
				"betaMy_f" : 0.97,
				"Fz_min_f" : 100.0,
				"Fz_max_f" : 1e4,
				"cKappa_f" : 1e7,
				"cAlpha_f" : 4.5e4,
				"bMz_f" : 0.0,
				"width_f" : 0.209045013245853,
				"cGamma_f" : 0.0,
				"init_kappa_f" : 0.0,
				"init_alpha_f" : 0.0,
				"init_Mroll_f" : 0.0
			},
			"rear_two_tires" :
			{
				"Lrelx_r" : 0.15,
				"Lrely_r" : 0.01,
				"alpha_min_r" : -1.50806269049027,
				"alpha_max_r" : 1.47424202250808,
				"mu_min_r" : 0.8,
				"mu_max_r" : 1.0,
				"aMy_r" : 8e-4,
				"bMy_r" : 1e-3,
				"cMy_r" : 1.6e-4,
				"alphaMy_r" : -3e-3,
				"betaMy_r" : 0.97,
				"Fz_min_r" : 100.0,
				"Fz_max_r" : 1e4,
				"cKappa_r" : 1e7,
				"cAlpha_r" : 4.5e4,
				"bMz_r" : 0.0,
				"width_r" : 0.209045013245853,
				"cGamma_r" : 0.0,
				"init_kappa_r" : 0.0,
				"init_alpha_r" : 0.0,
				"init_Mroll_r" : 0.0
			}
		}
	}
}
